model,error,category,count,category_total,miss_rate
Random Forest,FN,Fuzzers,759,6062,0.12520620257340812
Random Forest,FN,Exploits,56,11132,0.005030542579949695
Random Forest,FN,Shellcode,3,378,0.007936507936507936
Random Forest,FN,DoS,2,4089,0.0004891171435558817
Random Forest,FN,Generic,1,18871,5.299136240792751e-05
Random Forest,FN,Analysis,1,677,0.0014771048744460858
Random Forest,FN,Reconnaissance,1,3496,0.0002860411899313501
Random Forest,FP,Normal,8462,37000,0.2287027027027027
XGBoost,FN,Fuzzers,636,6062,0.10491586935004948
XGBoost,FN,Exploits,63,11132,0.005659360402443406
XGBoost,FN,DoS,21,4089,0.005135730007336757
XGBoost,FN,Analysis,19,677,0.028064992614475627
XGBoost,FN,Generic,7,18871,0.00037093953685549255
XGBoost,FN,Backdoor,6,583,0.010291595197255575
XGBoost,FN,Shellcode,4,378,0.010582010582010581
XGBoost,FN,Reconnaissance,2,3496,0.0005720823798627002
XGBoost,FP,Normal,9572,37000,0.2587027027027027
