model,rank,feature,mean_abs_shap
Random Forest,1,sttl,0.054370130933883334
Random Forest,2,ct_state_ttl,0.04251386029858775
Random Forest,3,sload,0.033069674759411645
Random Forest,4,state,0.032203889667951985
Random Forest,5,ct_srv_dst,0.02922157203929752
Random Forest,6,ct_dst_src_ltm,0.027901980495762636
Random Forest,7,dttl,0.026762124204706823
Random Forest,8,dload,0.025861883598709234
Random Forest,9,service,0.024740095191834933
Random Forest,10,dbytes,0.024590083601959623
Random Forest,11,sbytes,0.024122584383514972
Random Forest,12,smean,0.022905863882417533
Random Forest,13,rate,0.02143316045191118
Random Forest,14,ct_srv_src,0.020628904551967343
Random Forest,15,dmean,0.019612983180476013
Random Forest,16,dinpkt,0.0187957274081882
Random Forest,17,ct_dst_sport_ltm,0.017090453634095018
Random Forest,18,dur,0.016008551970899933
Random Forest,19,tcprtt,0.015306421348204669
Random Forest,20,synack,0.013918755357125615
Random Forest,21,ackdat,0.013782521695888603
Random Forest,22,proto,0.012522439682546791
Random Forest,23,sinpkt,0.011684731664802897
Random Forest,24,ct_dst_ltm,0.010881679233988393
Random Forest,25,dpkts,0.010866723383399626
Random Forest,26,sjit,0.009105161816197947
Random Forest,27,spkts,0.008901284000398284
Random Forest,28,sloss,0.007816081199412251
Random Forest,29,ct_src_dport_ltm,0.00778455924934951
Random Forest,30,djit,0.0073228969493634435
Random Forest,31,ct_src_ltm,0.0069818458880120645
Random Forest,32,swin,0.00618289798356256
Random Forest,33,dloss,0.005958432319660636
Random Forest,34,stcpb,0.004472588195777713
Random Forest,35,is_sm_ips_ports,0.0033577702941166468
Random Forest,36,dtcpb,0.0031790619077398875
Random Forest,37,trans_depth,0.0031590105614160376
Random Forest,38,ct_flw_http_mthd,0.0025772804240622492
Random Forest,39,dwin,0.00234308658704556
Random Forest,40,response_body_len,0.001310087749625808
Random Forest,41,is_ftp_login,0.00012854566185773348
Random Forest,42,ct_ftp_cmd,0.000123716838915311
XGBoost,1,sttl,2.59791109893471
XGBoost,2,proto,2.0576996876043268
XGBoost,3,service,1.611770095009706
XGBoost,4,dbytes,0.859624386808835
XGBoost,5,response_body_len,0.838928386459127
XGBoost,6,dttl,0.6770874143391847
XGBoost,7,ct_srv_dst,0.4907006794186309
XGBoost,8,ct_srv_src,0.4400892484667129
XGBoost,9,ct_dst_sport_ltm,0.43748200657078995
XGBoost,10,dmean,0.3469294994673692
XGBoost,11,ct_dst_src_ltm,0.3243040644386783
XGBoost,12,dtcpb,0.2935166485958034
XGBoost,13,trans_depth,0.2782354627456516
XGBoost,14,ct_state_ttl,0.2636005378961563
XGBoost,15,smean,0.2546261836545891
XGBoost,16,dur,0.2393757616330404
XGBoost,17,stcpb,0.23789373030344724
XGBoost,18,tcprtt,0.18785384525952395
XGBoost,19,sbytes,0.18501815324660856
XGBoost,20,djit,0.1670059410239337
XGBoost,21,ackdat,0.14977822950144765
XGBoost,22,ct_src_ltm,0.14216419311671052
XGBoost,23,synack,0.13902144990547094
XGBoost,24,dload,0.12918934907997026
XGBoost,25,rate,0.12489448497473495
XGBoost,26,sload,0.11759628319684998
XGBoost,27,sloss,0.09197826774581336
XGBoost,28,ct_dst_ltm,0.0901688482745085
XGBoost,29,sinpkt,0.08822596537601203
XGBoost,30,sjit,0.08791280361328972
XGBoost,31,dpkts,0.07230297397164395
XGBoost,32,dinpkt,0.0680611882666999
XGBoost,33,dloss,0.06068459818395786
XGBoost,34,spkts,0.0549949853119906
XGBoost,35,ct_src_dport_ltm,0.05360443592062802
XGBoost,36,ct_flw_http_mthd,0.02240045899990946
XGBoost,37,is_ftp_login,0.008904149353504181
XGBoost,38,state,0.005350384056568146
XGBoost,39,ct_ftp_cmd,0.0017542125545442105
XGBoost,40,swin,0.0007046703714877367
XGBoost,41,dwin,0.0
XGBoost,42,is_sm_ips_ports,0.0
